Year,Removals
1981,17.37900
1982,15.21600
1983,19.21100
1984,18.69600
1985,23.10500
1986,24.59200
1987,24.33600
1988,25.82900
1989,34.42700
1990,30.03900
1991,33.18900
1992,43.67100
1993,42.54200
1994,45.67400
1995,50.92400
1996,69.68000
1997,114.43200
1998,174.81300
1999,183.11400
2000,188.46700
2001,189.02600
2002,165.16800
2003,211.09800
2004,240.66500
2005,246.43100
2006,280.97400
2007,319.38200
2008,359.79500
2009,391.34100
2010,381.73800